{
	"BUILD_DIR" : "D:/COS214_Project_GUI/build/Desktop_Qt_6_6_0_MSVC2019_64bit-Release/COS214_Project_GUI_autogen",
	"CMAKE_BINARY_DIR" : "D:/COS214_Project_GUI/build/Desktop_Qt_6_6_0_MSVC2019_64bit-Release",
	"CMAKE_CURRENT_BINARY_DIR" : "D:/COS214_Project_GUI/build/Desktop_Qt_6_6_0_MSVC2019_64bit-Release",
	"CMAKE_CURRENT_SOURCE_DIR" : "C:/Users/seanv/OneDrive - Mahala.Ms/Uni/COS 214/WorksOnMyMachineTeam/COS214_Project_GUI",
	"CMAKE_SOURCE_DIR" : "C:/Users/seanv/OneDrive - Mahala.Ms/Uni/COS 214/WorksOnMyMachineTeam/COS214_Project_GUI",
	"CROSS_CONFIG" : false,
	"GENERATOR" : "Ninja",
	"INCLUDE_DIR" : "D:/COS214_Project_GUI/build/Desktop_Qt_6_6_0_MSVC2019_64bit-Release/COS214_Project_GUI_autogen/include",
	"INPUTS" : 
	[
		"C:/Users/seanv/OneDrive - Mahala.Ms/Uni/COS 214/WorksOnMyMachineTeam/COS214_Project_GUI/images/arrow-up.png",
		"C:/Users/seanv/OneDrive - Mahala.Ms/Uni/COS 214/WorksOnMyMachineTeam/COS214_Project_GUI/images/arrow-down.png"
	],
	"LOCK_FILE" : "D:/COS214_Project_GUI/build/Desktop_Qt_6_6_0_MSVC2019_64bit-Release/CMakeFiles/COS214_Project_GUI_autogen.dir/AutoRcc_214Resources_EWIEGA46WW_Lock.lock",
	"MULTI_CONFIG" : false,
	"OPTIONS" : [ "--no-zstd", "-name", "214Resources" ],
	"OUTPUT_CHECKSUM" : "EWIEGA46WW",
	"OUTPUT_NAME" : "qrc_214Resources.cpp",
	"RCC_EXECUTABLE" : "C:/Qt/6.6.0/msvc2019_64/./bin/rcc.exe",
	"RCC_LIST_OPTIONS" : [ "--list" ],
	"SETTINGS_FILE" : "D:/COS214_Project_GUI/build/Desktop_Qt_6_6_0_MSVC2019_64bit-Release/CMakeFiles/COS214_Project_GUI_autogen.dir/AutoRcc_214Resources_EWIEGA46WW_Used.txt",
	"SOURCE" : "C:/Users/seanv/OneDrive - Mahala.Ms/Uni/COS 214/WorksOnMyMachineTeam/COS214_Project_GUI/214Resources.qrc",
	"USE_BETTER_GRAPH" : false,
	"VERBOSITY" : 0
}
